paper_id,title,translated_title,language,year,authors,journal_or_source,doi,url,pdf_path,sha256,source_collection,source_manifest,topic_group,method_group,data_source,relevance_level,open_access_status,metadata_status,notes
KRD0001,CNKI query bucket: 石漠化 + Google Earth Engine/GEE + 时空演变,,Chinese,2000-2026,,,,,,,,candidate_to_verify_cnki_wanfang_wos.csv; literature_manifest_all.csv,gee_time_series,GEE,,To verify,,needs_manual_check,Long-term monitoring and data processing method papers | verify_in: CNKI/Wanfang | manifest_status: candidate | mentioned_in_notes: annotated_bibliography.md; literature_database_overview.md
KRD0002,CNKI query bucket: 石漠化 + 深度学习/语义分割/DeepLabV3+/U-Net,,Chinese,2000-2026,,,,,,,,candidate_to_verify_cnki_wanfang_wos.csv; literature_manifest_all.csv,deep_learning_segmentation,DeepLabV3+;U-Net,,To verify,,needs_manual_check,Relevant DL segmentation papers; likely few but important | verify_in: CNKI/Wanfang | manifest_status: candidate | mentioned_in_notes: annotated_bibliography.md; literature_database_overview.md
KRD0003,CNKI query bucket: 石漠化 + 裸岩率/基岩裸露率 + 遥感,,Chinese,2000-2026,,,,,,,,candidate_to_verify_cnki_wanfang_wos.csv; literature_manifest_all.csv,rocky_desertification_classification,unknown,,To verify,,needs_manual_check,Directly relevant to FBR/bare-rock fraction | verify_in: CNKI/Wanfang | manifest_status: candidate | mentioned_in_notes: annotated_bibliography.md; literature_database_overview.md
KRD0004,CNKI query bucket: 石漠化 + 遥感 + 信息提取,,Chinese,2000-2026,,,,,,,,candidate_to_verify_cnki_wanfang_wos.csv; literature_manifest_all.csv,rocky_desertification_classification,unknown,,To verify,,needs_manual_check,Large number of Chinese papers not reliably exposed to public web search | verify_in: CNKI advanced search | manifest_status: candidate | mentioned_in_notes: annotated_bibliography.md; literature_database_overview.md
KRD0005,CNKI query bucket: 石漠化 + 随机森林/支持向量机/机器学习,,Chinese,2000-2026,,,,,,,,candidate_to_verify_cnki_wanfang_wos.csv; literature_manifest_all.csv,rocky_desertification_classification,unknown,,To verify,,needs_manual_check,Relevant ML classification papers | verify_in: CNKI/Wanfang | manifest_status: candidate | mentioned_in_notes: annotated_bibliography.md; literature_database_overview.md
KRD0006,"Google Scholar query bucket: ""bare rock fraction"" ""karst"" ""remote sensing""",,English,2000-2026,,,,,,,,candidate_to_verify_cnki_wanfang_wos.csv; literature_manifest_all.csv,bare_rock_fraction_fbr,unknown,,To verify,,needs_manual_check,Covers fBR/FBR/exposed bedrock fraction studies | verify_in: Google Scholar | manifest_status: candidate | mentioned_in_notes: annotated_bibliography.md; literature_database_overview.md
KRD0007,"Google Scholar query bucket: ""rocky desertification"" ""remote sensing"" ""classification""",,English,2000-2026,,,,,,,,candidate_to_verify_cnki_wanfang_wos.csv; literature_manifest_all.csv,machine_learning,unknown,,To verify,,needs_manual_check,"Captures conference papers, theses and non-indexed journal papers | verify_in: Google Scholar | manifest_status: candidate | mentioned_in_notes: annotated_bibliography.md; literature_database_overview.md"
KRD0008,WoS/Scopus query bucket: TOPIC=(karst rocky desertification) AND (classification OR extraction OR mapping OR monitoring),,English,2000-2026,,,,,,,,candidate_to_verify_cnki_wanfang_wos.csv; literature_manifest_all.csv,machine_learning,unknown,,To verify,,needs_manual_check,Needed for rigorous exhaustive capture | verify_in: Web of Science/Scopus | manifest_status: candidate | mentioned_in_notes: annotated_bibliography.md; literature_database_overview.md
KRD0009,Long-term unreasonable land use and exposed bedrock in karst rocky desertification areas (Wang et al. 2004),,English/Chinese,2004,,,,,,,,candidate_to_verify_cnki_wanfang_wos.csv; literature_manifest_all.csv,bare_rock_fraction_fbr,unknown,,To verify,,needs_manual_check,Found as cited background in Frontiers 2022; likely foundational KRD process paper | verify_in: CNKI/WoS/Google Scholar | manifest_status: candidate | mentioned_in_notes: annotated_bibliography.md; literature_database_overview.md
KRD0010,Karst rocky desertification and socio-economic constraints in Southwest China (Wang and Li 2007),,English/Chinese,2007,,,,,,,,candidate_to_verify_cnki_wanfang_wos.csv; literature_manifest_all.csv,rocky_desertification_classification,unknown,,To verify,,needs_manual_check,Cited by Frontiers 2022 as foundational KRD source | verify_in: CNKI/WoS/Google Scholar | manifest_status: candidate | mentioned_in_notes: annotated_bibliography.md; literature_database_overview.md
KRD0011,Extraction of rocky desertification information from remote sensing data (Hu et al. 2010),,Chinese,2010,,,,,,,,candidate_to_verify_cnki_wanfang_wos.csv; literature_manifest_all.csv,rocky_desertification_classification,unknown,,To verify,,needs_manual_check,Relevant grading/extraction standard; appears in user manuscript references | verify_in: CNKI/Wanfang | manifest_status: candidate | mentioned_in_notes: annotated_bibliography.md; literature_database_overview.md
KRD0012,一种基于多光谱遥感影像的喀斯特地区裸岩率的计算方法初探,,Chinese,2010,,遥感/工程应用中文期刊（万方）,,https://d.wanfangdata.com.cn/periodical/Ch9QZXJpb2RpY2FsQ0hJTmV3UzIwMjUwMTE2MTYzNjE0EhB5Z2pzeXl5MjAxMDA0MDEwGghuYWZucnhqNQ%3D%3D,,,,literature_manifest_all.csv; literature_manifest_verified_core.csv,bare_rock_fraction_fbr,unknown,multispectral imagery,high,,manifest_only,manifest_status: verified by web | mentioned_in_notes: annotated_bibliography.md; literature_database_overview.md
KRD0013,石漠化遥感评价因子提取研究 / Remote sensing of indicators for evaluating karst rocky desertification,,Chinese,2011,,生态学相关期刊/中国生态系统研究网络存档,,https://cern.ac.cn/ftp/%E7%9F%B3%E6%BC%A0%E5%8C%96%E9%81%A5%E6%84%9F%E8%AF%84%E4%BB%B7%E5%9B%A0%E5%AD%90%E6%8F%90%E5%8F%96%E7%A0%94%E7%A9%B6-%E5%B2%B3%E8%B7%83%E6%B0%91.pdf,docs/literature/pdfs/package_2000_2026/CN009_Remote_sensing_of_indicators_for_evaluating_karst_rocky_dese.pdf,01595d8ef7a3bc338c7987fc0bf6f3577f360fccd8c0cee3aae916d0429d2ddd,package_2000_2026,literature_manifest_all.csv; literature_manifest_verified_core.csv,rocky_desertification_classification,unknown,field spectral measurements; remote sensing data,very_high,,partial,manifest_status: verified by web | filename_title_candidate: CN009 Remote sensing of indicators for evaluating karst rocky dese | pdf_matched_by_filename_similarity=0.808 | mentioned_in_notes: annotated_bibliography.md; literature_database_overview.md
KRD0014,"Use of NDVI, KRDSI and LCA for rocky desertification extraction (Xiong et al. 2013)",,English/Chinese,2013,,,,,,,,candidate_to_verify_cnki_wanfang_wos.csv; literature_manifest_all.csv,rocky_desertification_classification,vegetation_index,,To verify,,needs_manual_check,Cited in Frontiers 2022 PDF as early index-based KRD extraction | verify_in: CNKI/WoS/Google Scholar | manifest_status: candidate | mentioned_in_notes: annotated_bibliography.md; literature_database_overview.md
KRD0015,Assessing land degradation and desertification using vegetation index data: current frameworks and future directions,,English,2014,,,,,,,,literature_manifest_all.csv,review,vegetation_index;review,,background/review,,manifest_only,manifest_status: contextual | mentioned_in_notes: literature_database_overview.md
KRD0016,Is Forest Restoration in the Southwest China Karst Promoted Mainly by Climate Change or Human-Induced Factors?,,,2014,,background,10.3390/rs6109895,https://www.mdpi.com/2072-4292/6/10/9895,,,,articles_manifest.csv,rocky_desertification_classification,unknown,,,,manifest_only,Background on Southwest China karst restoration and rock/rocky desertification.
KRD0017,Decision tree and fuzzy maximum likelihood classification for KRD (Li and Wu 2015),,English/Chinese,2015,,,,,,,,candidate_to_verify_cnki_wanfang_wos.csv; literature_manifest_all.csv,machine_learning,unknown,,To verify,,needs_manual_check,Cited by Scientific Reports 2022 as KRD classification baseline | verify_in: CNKI/WoS/Google Scholar | manifest_status: candidate | mentioned_in_notes: annotated_bibliography.md; literature_database_overview.md
KRD0018,Discussion on classification and grading of karst rocky desertification in Guizhou (Zhang and Wang 2015),,English/Chinese,2015,,,,,,,,candidate_to_verify_cnki_wanfang_wos.csv; literature_manifest_all.csv,machine_learning,unknown,,To verify,,needs_manual_check,Relevant grading standard; appears in user manuscript references | verify_in: CNKI/Wanfang | manifest_status: candidate | mentioned_in_notes: annotated_bibliography.md; literature_database_overview.md
KRD0019,Fully Convolutional Networks for Semantic Segmentation,,English,2015,,,,,,,,candidate_to_verify_cnki_wanfang_wos.csv; literature_manifest_all.csv,deep_learning_segmentation,unknown,,To verify,,needs_manual_check,Baseline model reference for FCN comparison; not KRD-specific | verify_in: CVPR | manifest_status: candidate | mentioned_in_notes: annotated_bibliography.md; literature_database_overview.md
KRD0020,Monitoring the recent trend of aeolian desertification using Landsat TM and Landsat 8 imagery on the northeast Qinghai-Tibet Plateau,,English,2015,,,,,,,,literature_manifest_all.csv,machine_learning,unknown,,broader desertification classification and monitoring,,manifest_only,manifest_status: contextual | mentioned_in_notes: literature_database_overview.md
KRD0021,U-Net: Convolutional Networks for Biomedical Image Segmentation,,English,2015,,,,,,,,candidate_to_verify_cnki_wanfang_wos.csv; literature_manifest_all.csv,deep_learning_segmentation,U-Net,,To verify,,needs_manual_check,U-Net baseline method reference; not KRD-specific | verify_in: MICCAI/Google Scholar | manifest_status: candidate | mentioned_in_notes: annotated_bibliography.md; literature_database_overview.md
KRD0022,Linear spatial-spectral mixture model,,English,2016,,,,,,,,candidate_to_verify_cnki_wanfang_wos.csv; literature_manifest_all.csv,lsmm_mesma_sma,unknown,,To verify,,needs_manual_check,Method reference for LSMM; not KRD-specific | verify_in: IEEE TGRS | manifest_status: candidate | mentioned_in_notes: annotated_bibliography.md; literature_database_overview.md
KRD0023,Quantitative Estimation of Carbonate Rock Fraction in Karst Regions Based on Spectral Feature Analysis,,,2016,,closely_related,10.3390/rs8010068,https://www.mdpi.com/2072-4292/8/1/68,,,,articles_manifest.csv,bare_rock_fraction_fbr,unknown,,,,manifest_only,Closely related to carbonate rock fraction/bedrock exposure. Official PDF link included. | mentioned_in_notes: literature_database_overview.md
KRD0024,Kernel fully constrained least squares for hyperspectral image classification/unmixing (Liu et al. 2017),,English/Chinese,2017,,,,,,,,candidate_to_verify_cnki_wanfang_wos.csv; literature_manifest_all.csv,machine_learning,unknown,,To verify,,needs_manual_check,Method reference for FCLS/LSMM; not KRD-specific | verify_in: IEEE/Google Scholar | manifest_status: candidate | mentioned_in_notes: annotated_bibliography.md; literature_database_overview.md
KRD0025,Analysis of Landsat-8 OLI Imagery for Estimating Exposed Bedrock Fractions in Typical Karst Regions of Southwest China,,English,2018,,closely_related,10.3390/rs10091321,https://www.mdpi.com/2072-4292/10/9/1321,,,,articles_manifest.csv; literature_manifest_all.csv; literature_manifest_verified_core.csv,bare_rock_fraction_fbr,unknown,Landsat-8 OLI; field samples,very_high,,manifest_only,Closely related to EBF/FBR and rocky desertification mapping. Official PDF link included. | manifest_status: verified by web | mentioned_in_notes: annotated_bibliography.md; literature_database_overview.md
KRD0026,Encoder-Decoder with Atrous Separable Convolution for Semantic Image Segmentation / DeepLabV3+,,English,2018,,,,,,,,candidate_to_verify_cnki_wanfang_wos.csv; literature_manifest_all.csv,deep_learning_segmentation,DeepLabV3+,,To verify,,needs_manual_check,Core DeepLabV3+ method reference; not KRD-specific | verify_in: ECCV/Google Scholar | manifest_status: candidate | mentioned_in_notes: annotated_bibliography.md; literature_database_overview.md
KRD0027,面向对象的喀斯特地区石漠化遥感信息提取研究——以贵州省……为例,,Chinese,2018,,地质力学学报,10.12090/j.issn.1006-6616.2018.24.02.028,https://www.cgsjournals.com/dzlxxb/article/doi/10.12090/j.issn.1006-6616.2018.24.02.028,docs/literature/pdfs/package_2000_2026/面向对象的喀斯特地区石漠化遥感信息提取研究——以贵州省大方地区为例_周迪.pdf,b810f6e5c6a405987dd4fcaf3d107dc4f8f89f6e064802c36670e809091cfbe8,package_2000_2026,literature_manifest_all.csv; literature_manifest_verified_core.csv,deep_learning_segmentation,DEM_ablation,TM/ETM+; texture and terrain data,high,,complete,manifest_status: verified by web | filename_title_candidate: 面向对象的喀斯特地区石漠化遥感信息提取研究——以贵州省大方地区为例 周迪 | pdf_matched_by_filename_similarity=0.875 | mentioned_in_notes: annotated_bibliography.md; literature_database_overview.md
KRD0028,Comparing Remote Sensing Methods for Monitoring Karst Rocky Desertification at Sub-Pixel Scales in a Highly Heterogeneous Karst Region,,English,2019,,Scientific Reports,10.1038/s41598-019-49730-9,https://www.nature.com/articles/s41598-019-49730-9,,,,literature_manifest_all.csv; literature_manifest_verified_core.csv,lsmm_mesma_sma,MESMA;SMA,ALOS imagery; field validation,very_high,,manifest_only,manifest_status: verified by web | mentioned_in_notes: annotated_bibliography.md; literature_database_overview.md
KRD0029,Spectral variability in hyperspectral unmixing: recent advances and future trends,,English,2019,,,,,,,,candidate_to_verify_cnki_wanfang_wos.csv; literature_manifest_all.csv,other,unknown,,To verify,,needs_manual_check,Useful for LSMM discussion; not KRD-specific | verify_in: IEEE Signal Processing Magazine | manifest_status: candidate | mentioned_in_notes: annotated_bibliography.md; literature_database_overview.md
KRD0030,The Spatial Distribution Pattern of Rock in Rocky Desertification Area based on Unmanned Aerial Vehicle Imagery and Object-oriented Classification Method,,English/Chinese,2020,,地球信息科学学报 / Journal of Geo-information Science,10.12082/dqxxkx.2020.190744,https://www.dqxxkx.cn/EN/10.12082/dqxxkx.2020.190744,,,,literature_manifest_all.csv; literature_manifest_verified_core.csv,machine_learning,unknown,UAV imagery,high,,manifest_only,manifest_status: verified by web | mentioned_in_notes: annotated_bibliography.md
KRD0031,云南省建水县石漠化修复模式评价,,Chinese,2020,,北京大学学报(自然科学版),,https://xbna.pku.edu.cn/fileup/0479-8023/HTML/2020-6-1073.html,docs/literature/pdfs/package_2000_2026/云南省建水县石漠化修复模式评价_肖林颖.caj.pdf,58f38493165d01e266969dd7265e99d78a20acfab250335dca496bfe36526435,package_2000_2026,literature_manifest_all.csv; literature_manifest_verified_core.csv,rocky_desertification_classification,vegetation_index,Landsat TM 1992-2017; monitoring data,medium,,partial,manifest_status: verified by web | filename_title_candidate: 云南省建水县石漠化修复模式评价 肖林颖.caj | pdf_matched_by_filename_similarity=0.789
KRD0032,石漠化地区遥感影像信息提取方法综述,,Chinese,2020,,安全与环境工程,10.13578/j.cnki.issn.1671-1556.2020.03.019,https://ktaq.cbpt.cnki.net/portal/journal/portal/client/paper/054e8053b7fbb3c3cf0d35a5013c1b52,docs/literature/pdfs/package_2000_2026/石漠化地区遥感影像信息提取方法综述_杨董琳.pdf,64bba01d6d54a3ed25ad00b4276e4709b8aba0d2d0c4f3437bde103a322c6ab7,package_2000_2026,literature_manifest_all.csv; literature_manifest_verified_core.csv,review,review,literature review,high,,complete,manifest_status: verified by web | filename_title_candidate: 石漠化地区遥感影像信息提取方法综述 杨董琳 | pdf_matched_by_filename_similarity=0.895
KRD0033,Extracting Information on Rocky Desertification from Satellite Images: A Comparative Study,,English,2021,Pu J.; Zhao X.; Dong P.; Wang Q.; Yue Q.,core,10.3390/rs13132497,https://www.mdpi.com/2072-4292/13/13/2497,docs/literature/pdfs/package_2000_2026/EN001_Extracting_Information_on_Rocky_Desertification_from_Satelli.pdf; docs/literature/pdfs/package_2021_2026/EN01_Extracting_Information_on_Rocky_Desertification_from_Satellite_Images_A_Comparative_Study.pdf; docs/literature/pdfs/remote_sensing_only/2021_RemoteSens_13_2497_Pu_Extracting_Information_Rocky_Desertification.pdf,9c2ddd014243622f96e83c6e4eef33bad0b6003b041f06c11130803aff51d645,package_2000_2026; package_2021_2026; remote_sensing_only,articles_manifest.csv; literature_manifest.csv; literature_manifest_all.csv; literature_manifest_verified_core.csv,rocky_desertification_classification,unknown,Sentinel-2B; Landsat-8; GF-6,Very close to your paper: multi-source satellite comparison plus ML classification of rocky desertification levels.,,complete,PDF successfully downloaded via UNT mirror; official MDPI link included. | manifest_status: verified by web | filename_title_candidate: EN001 Extracting Information on Rocky Desertification from Satelli | pdf_matched_by_filename_similarity=0.774 | filename_title_candidate: EN01 Extracting Information on Rocky Desertification from Satellite Images A Comparative Study | filename_title_candidate: 2021 RemoteSens 13 2497 Pu Extracting Information Rocky Desertification | mentioned_in_notes: annotated_bibliography.md; annotated_bibliography__metadata_1.md
KRD0034,How Can We Realize Sustainable Development Goals in Rocky Desertified Regions by Enhancing Crop Yield with Reduction of Environmental Risks?,,,2021,Liang B.; Quine T.A.; Liu H.; Cressey E.L.; Bateman I.,background,10.3390/rs13091614,https://www.mdpi.com/2072-4292/13/9/1614,,,,articles_manifest.csv,other,unknown,,,,manifest_only,Background on rocky desertified regions; not a mapping-method paper.
KRD0035,Optimization of Rocky Desertification Classification Model Based on Vegetation Type and Seasonal Characteristic,,English,2021,Qian C.; Qiang H.; Wang F.; Li M.,core,10.3390/rs13152935,https://www.mdpi.com/2072-4292/13/15/2935,docs/literature/pdfs/package_2021_2026/EN02_Optimization_of_Rocky_Desertification_Classification_Model_Based_on_Vegetation_Type_and_Se.pdf; docs/literature/pdfs/remote_sensing_only/2021_RemoteSens_13_2935_Optimization_of_Rocky_Desertification_Classification_Model_B.pdf,a694a3d72eef12ba5ca3f4a31823394d65247c8c30193a8a191c9383fcab205a,package_2021_2026; remote_sensing_only,articles_manifest.csv; literature_manifest.csv,machine_learning,unknown,,Useful for introducing seasonal/vegetation context and machine-learning model comparison in KRD classification.,,complete,Official PDF link included; direct automated download blocked/limited during this session. | filename_title_candidate: EN02 Optimization of Rocky Desertification Classification Model Based on Vegetation Type and Se | pdf_matched_by_filename_similarity=0.874 | filename_title_candidate: 2021 RemoteSens 13 2935 Optimization of Rocky Desertification Classification Model B | mentioned_in_notes: annotated_bibliography__metadata_1.md; literature_database_overview.md
KRD0036,Spectral analysis of seasonal rock and vegetation changes for detecting karst rocky desertification in southwest China,,English,2021,,International Journal of Applied Earth Observation and Geoinformation,,https://www.sciencedirect.com/science/article/pii/S0303243421000441,,,,literature_manifest_all.csv; literature_manifest_verified_core.csv,rocky_desertification_classification,feature_space,Landsat-8 OLI; field measurements,very_high,,manifest_only,manifest_status: verified by web | mentioned_in_notes: annotated_bibliography.md; literature_database_overview.md
KRD0037,基于多时相Sentinel-2遥感数据的石漠化程度识别方法研究,,Chinese,2021,Baidu Scholar listing,中文学位/期刊检索结果,,https://xueshu.baidu.com/usercenter/paper/show?paperid=1r0k0mq0g91m0xd02v7r02u0r8464867&site=xueshu_se,docs/literature/pdfs/package_2021_2026/基于多时相Sentinel-2遥感数据的石漠化程度识别方法研究_徐瑞.pdf,a909c057eb10db926a42ba5f27f2461f27f22d4bc6cc9436aa9ec36fdebc5256,package_2021_2026,literature_manifest.csv,gee_time_series,time_series,,Relevant Chinese multi-temporal Sentinel-2 degree recognition reference; metadata should be verified before citation.,,partial,filename_title_candidate: 基于多时相Sentinel 2遥感数据的石漠化程度识别方法研究 徐瑞 | pdf_matched_by_filename_similarity=0.954 | mentioned_in_notes: annotated_bibliography__metadata_1.md; literature_database_overview.md
KRD0038,石漠化遥感信息提取方法进展,,Chinese,2021,种国双、海月、郑华、徐卫华、欧阳志云,应用生态学报（万方/百度学术检索结果）,10.3969/j.issn.0255-8297.2021.06.007,https://d.wanfangdata.com.cn/periodical/ChlQZXJpb2RpY2FsQ0hJTmV3UzIwMjIwOTAxEg95eWt4eGIyMDIxMDYwMDcaCHI4MnlrOGFp,docs/literature/pdfs/package_2021_2026/石漠化遥感信息提取方法进展.pdf,67bc22111b1acda58d50bf9978b67c460d86c0ab6eb6ba0f92f6288142c718ff,package_2021_2026,literature_manifest.csv,review,review,,Chinese review; useful for Chinese literature background and method taxonomy.,,complete,filename_title_candidate: 石漠化遥感信息提取方法进展 | pdf_matched_by_filename_similarity=1.000
KRD0039,遥感植被指数增强石漠化信息研究,,Chinese,2021,Unknown from OPAJ listing,中文期刊（开放检索页）,,https://opaj.napstic.cn/periodicalArticle/0120211000483150,docs/literature/pdfs/package_2000_2026/遥感植被指数增强石漠化信息研究_叶杰.pdf; docs/literature/pdfs/package_2021_2026/遥感植被指数增强石漠化信息研究.pdf,3e1545305911f6e58a332bdd2eba9460e85bfa1db86c454be8bd7d291886065f; df263acc72b22858c607ad6ac0d086bf8063b4b64c510d33b3b873ce933386b3,package_2000_2026; package_2021_2026,literature_manifest.csv; literature_manifest_all.csv; literature_manifest_verified_core.csv,rocky_desertification_classification,vegetation_index,remote sensing vegetation indices,Useful Chinese index-based KRD extraction study; includes classification accuracy and Kappa.,,partial,manifest_status: verified by web | filename_title_candidate: 遥感植被指数增强石漠化信息研究 叶杰 | pdf_matched_by_filename_similarity=0.909 | filename_title_candidate: 遥感植被指数增强石漠化信息研究 | pdf_matched_by_filename_similarity=1.000
KRD0040,A novel-optimal monitoring index of rocky desertification based on Sentinel-2 MSI data,,English,2022,Taylor & Francis authors,Geocarto International or related Taylor & Francis outlet,10.1080/19475705.2022.2092038,https://www.tandfonline.com/doi/full/10.1080/19475705.2022.2092038,,,,literature_manifest.csv,rocky_desertification_classification,vegetation_index,,Useful for index/feature-space arguments and red-edge relevance.,,manifest_only,mentioned_in_notes: annotated_bibliography__metadata_1.md
KRD0041,Extraction of rocky desertification information in karst area by using different multispectral sensor data and multiple endmember spectral mixture analysis method,,English,2022,Frontiers authors,Frontiers in Environmental Science,10.3389/fenvs.2022.996708,https://www.frontiersin.org/journals/environmental-science/articles/10.3389/fenvs.2022.996708/full,,,,literature_manifest.csv; literature_manifest_all.csv; literature_manifest_verified_core.csv,lsmm_mesma_sma,MESMA;SMA,Sentinel-2; Landsat-8; GF-6; field spectra,high,,manifest_only,manifest_status: verified by web | mentioned_in_notes: annotated_bibliography.md; annotated_bibliography__metadata_1.md; literature_database_overview.md
KRD0042,Information Extraction and Prediction of Rocky Desertification Based on Land Use Changes and FLUS Model,,English,2022,,Sustainability,10.3390/su142013385,https://www.mdpi.com/2071-1050/14/20/13385,,,,literature_manifest_all.csv; literature_manifest_verified_core.csv,machine_learning,unknown,remote sensing data,medium,,manifest_only,manifest_status: verified by web | mentioned_in_notes: annotated_bibliography.md
KRD0043,"Machine learning algorithm for estimating karst rocky desertification in a peak-cluster depression basin in southwest Guangxi, China",,English,2022,Scientific Reports authors,Scientific Reports,10.1038/s41598-022-21684-5,https://www.nature.com/articles/s41598-022-21684-5,,,,literature_manifest.csv; literature_manifest_all.csv; literature_manifest_verified_core.csv,machine_learning,RF,remote sensing predictors; GIS factors,"Useful for feature-factor selection, RF comparison, and justifying terrain/vegetation/rock exposure factors.",,manifest_only,manifest_status: verified by web | mentioned_in_notes: annotated_bibliography__metadata_1.md
KRD0044,Spatiotemporal Evolution Analysis and Future Scenario Prediction of Rocky Desertification in a Subtropical Karst Region,,English,2022,Unknown / MDPI listing,core,10.3390/rs14020292,https://www.mdpi.com/2072-4292/14/2/292,,,,articles_manifest.csv; literature_manifest.csv; literature_manifest_all.csv; literature_manifest_verified_core.csv,gee_time_series,time_series,remote sensing imagery,Background for regional KRD evolution and the use of ML-driven RS products.,,manifest_only,Official PDF link included; direct automated download blocked/limited during this session. | manifest_status: verified by web | mentioned_in_notes: annotated_bibliography.md; annotated_bibliography__metadata_1.md
KRD0045,The Changes of Spatiotemporal Pattern of Rocky Desertification and Its Dominant Driving Factors in Typical Karst Mountainous Areas under the Background of Global Change,,,2022,Guo B.; Yang F.; Fan J.; Lu Y.,core,10.3390/rs14102351,https://www.mdpi.com/2072-4292/14/10/2351,,,,articles_manifest.csv,gee_time_series,time_series,,,,manifest_only,Official PDF link included; direct automated download blocked/limited during this session.
KRD0046,Extraction of Rocky Desertification Information in the Karst Area Based on the Red-NIR-SWIR Spectral Feature Space,,English,2023,Cai J.; Yu W.; Fang Q.; Zi R.; Fang F.; Zhao L.,core,10.3390/rs15123056,https://www.mdpi.com/2072-4292/15/12/3056,,,,articles_manifest.csv; literature_manifest_all.csv; literature_manifest_verified_core.csv,rocky_desertification_classification,feature_space,multispectral remote sensing data,very_high,,manifest_only,Official PDF link included; direct automated download blocked/limited during this session. | manifest_status: verified by web
KRD0047,"Monitoring and Classification of Karst Rocky Desertification with Landsat 8 OLI Images Using Spectral Indices, Multi-Endmember Spectral Mixture Analysis and Support Vector Machine",,English,2023,"Alevkayali, Yayla, Atayeter",International Journal of Engineering and Geosciences,10.26833/ijeg.1149738,https://dergipark.org.tr/en/pub/ijeg/article/1149738,,,,literature_manifest.csv; literature_manifest_all.csv; literature_manifest_verified_core.csv,lsmm_mesma_sma,MESMA;SMA;SVM,Landsat-8 OLI,Direct comparison point for LSMM/MESMA and SVM classification of KRD.,,manifest_only,manifest_status: verified by web | mentioned_in_notes: annotated_bibliography.md; annotated_bibliography__metadata_1.md; literature_database_overview.md
KRD0048,Monitoring the evolution process of karst desertification and distinguishing human and climate impacts,,English,2023,,Environmental Science and Pollution Research,10.1007/s11356-023-30920-y,https://link.springer.com/article/10.1007/s11356-023-30920-y,,,,literature_manifest_all.csv; literature_manifest_verified_core.csv,broader_desertification,unknown,MODIS; ERA5-Land,medium,,manifest_only,manifest_status: verified by web | mentioned_in_notes: annotated_bibliography.md
KRD0049,基于GEE的曲靖石漠化时空演变过程分析,,Chinese,2023,西南林业大学学报 authors,西南林业大学学报（自然科学）,10.11929/j.swfu.202109006,https://xnldxb.ns.swfu.edu.cn/article/doi/10.11929/j.swfu.202109006,,,,literature_manifest.csv; literature_manifest_all.csv; literature_manifest_verified_core.csv,gee_time_series,GEE;time_series,Landsat; GEE,low,,manifest_only,manifest_status: verified by web
KRD0050,基于机器学习算法的喀斯特峰丛洼地石漠化程度评估,,Chinese,2023,,中国水土保持科学,10.16843/j.sswc.2023.05.006,https://html.rhhz.net/sswcc/html/2023/5/2023-5-51.htm,,,,literature_manifest_all.csv; literature_manifest_verified_core.csv,machine_learning,SVM,remote sensing data; field survey; meteorological data,very_high,,manifest_only,manifest_status: verified by web | mentioned_in_notes: annotated_bibliography.md
KRD0051,A Rocky Desertification Land Extraction Method Based on Spectral Texture Scattering Terrain Feature Set and Multiscale Segmentation,,English,2024,,IEEE,,https://ieeexplore.ieee.org/document/11023630,docs/literature/pdfs/package_2000_2026/A_Rocky_Desertification_Land_Extraction_Method_Based_on_Spectral-Texture-Scattering-Terrain_Multisource_Features_With_Time_Series.pdf,8521a66ed80896d0699d1cadcb30fb3d8dd6f302207de03b138831747ee0a87d,package_2000_2026,literature_manifest_all.csv; literature_manifest_verified_core.csv,deep_learning_segmentation,DEM_ablation,"time-series spectral, texture, scattering and terrain features",high,,partial,manifest_status: verified by web | filename_title_candidate: A Rocky Desertification Land Extraction Method Based on Spectral Texture Scattering Terrain Multisource Features With Time Series | pdf_matched_by_filename_similarity=0.838 | mentioned_in_notes: annotated_bibliography.md; literature_database_overview.md
KRD0052,Classification of Karst Rocky Desertification Levels in Jinsha County Using a Feature Space Method Based on SDGSAT-1 Multispectral Data,,English,2024,MDPI authors,core,10.3390/rs16244786,https://www.mdpi.com/2072-4292/16/24/4786,,,,articles_manifest.csv; literature_manifest.csv; literature_manifest_all.csv; literature_manifest_verified_core.csv,machine_learning,feature_space,SDGSAT-1 multispectral data,Very useful for feature-space KRD level classification and carbonate rock/vegetation index design.,,manifest_only,Official PDF link included; direct automated download blocked/limited during this session. | manifest_status: verified by web | mentioned_in_notes: annotated_bibliography.md; annotated_bibliography__metadata_1.md
KRD0053,Desertification and land degradation assessment through remote sensing: review or applied method papers,,English,2024,,,,,,,,literature_manifest_all.csv,review,time_series;review,,broader desertification background,,manifest_only,manifest_status: contextual | mentioned_in_notes: literature_database_overview.md
KRD0054,Dynamic monitoring of rocky desertification utilizing a novel model based on Sentinel-2 images and KNDVI,,English,2024,Taylor & Francis / DOAJ listing,Geocarto International or related,10.1080/19475705.2024.2399659,https://doaj.org/article/78f3c665c35e4a309cb200d18f8ad001,docs/literature/pdfs/package_2000_2026/Dynamic monitoring of rocky desertification utilizing a novel model based on Sentinel-2 images and KNDVI.pdf; docs/literature/pdfs/package_2021_2026/Dynamic monitoring of rocky desertification utilizing a novel model based on Sentinel-2 images and KNDVI.pdf,1883c42d45d708ad1283a50c9bd85828e8773425a25b7221f026931bc18d4045,package_2000_2026; package_2021_2026,literature_manifest.csv; literature_manifest_all.csv; literature_manifest_verified_core.csv,rocky_desertification_classification,feature_space;vegetation_index,remote sensing data,Useful for time-series/index-based KRD monitoring and feature-space comparison.,,complete,manifest_status: verified by web | filename_title_candidate: Dynamic monitoring of rocky desertification utilizing a novel model based on Sentinel 2 images and KNDVI | pdf_matched_by_filename_similarity=1.000 | mentioned_in_notes: annotated_bibliography__metadata_1.md
KRD0055,Identification and factor analysis of rocky desertification severity levels in large-scale karst areas based on deep learning image segmentation,,English,2024,Ecological Indicators authors,Ecological Indicators,10.1016/j.ecolind.2024.112565,https://www.sciencedirect.com/science/article/pii/S1470160X24010227,,,,literature_manifest.csv; literature_manifest_all.csv; literature_manifest_verified_core.csv,deep_learning_segmentation,unknown,multi-source remote sensing and related product data,Important recent deep-learning segmentation reference for rocky desertification severity levels.,,manifest_only,manifest_status: verified by web | mentioned_in_notes: annotated_bibliography__metadata_1.md
KRD0056,Improving monitoring Karst rocky desertification using high-frequency Landsat time series,,English,2024,,Catena,,https://www.sciencedirect.com/science/article/pii/S034181622400242X,,,,literature_manifest_all.csv; literature_manifest_verified_core.csv,gee_time_series,time_series,Landsat time series,high,,manifest_only,manifest_status: verified by web | mentioned_in_notes: annotated_bibliography.md; literature_database_overview.md
KRD0057,Spatio-Temporal Evolution Characteristics and Driving Factors of Karst Rocky Desertification in Qujing City Based on GEE,,English,2024,Sustainability authors,Sustainability,10.3390/su16072669,https://www.mdpi.com/2071-1050/16/7/2669,docs/literature/pdfs/package_2021_2026/EN12_Spatio-Temporal_Evolution_Characteristics_and_Driving_Factors_of_Karst_Rocky_Desertificati.pdf,39519ef13c34206476c7a17f972588aad61953788b9f5b8b0b62571b3dc6fab9,package_2021_2026,literature_manifest.csv,dem_topography,GEE;time_series;DEM_ablation,,low,,complete,filename_title_candidate: EN12 Spatio Temporal Evolution Characteristics and Driving Factors of Karst Rocky Desertificati | pdf_matched_by_filename_similarity=0.837 | mentioned_in_notes: annotated_bibliography__metadata_1.md
KRD0058,基于多源数据的石漠化地区裸岩信息提取和景观格局分析,,Chinese,2024,,万方学位论文,,https://d.wanfangdata.com.cn/thesis/ChhUaGVzaXNOZXdTMjAyNDA5MjAxNTE3MjUSCUQwMjYxNjM3ORoIbHNrZncxbmQ%3D,docs/literature/pdfs/package_2000_2026/基于多源数据的石漠化地区裸岩信息提取和景观格局分析_张志慧.pdf,6d7b64f3ff637119547c3be0a9898806e203d4a0c3107370370654c6e9c2260f,package_2000_2026,literature_manifest_all.csv; literature_manifest_verified_core.csv,bare_rock_fraction_fbr,unknown,large-scale remote sensing and UAV imagery,high,,partial,manifest_status: verified by web entry; bibliographic details need local database check | filename_title_candidate: 基于多源数据的石漠化地区裸岩信息提取和景观格局分析 张志慧 | pdf_matched_by_filename_similarity=0.926 | mentioned_in_notes: annotated_bibliography.md; literature_database_overview.md
KRD0059,基于多源数据的石漠化地区裸岩信息提取和景观格局分析（百度学术条目）,,Chinese,2024,,百度学术,,https://xueshu.baidu.com/usercenter/paper/show?paperid=1y6k0gr0n07k0a90v8730260ha394728,,,,literature_manifest_all.csv; literature_manifest_verified_core.csv,bare_rock_fraction_fbr,unknown,remote sensing and UAV,high,,manifest_only,manifest_status: verified by web entry; possible duplicate with CN013 | mentioned_in_notes: annotated_bibliography.md; literature_database_overview.md
KRD0060,基于多特征组合优选与随机森林算法的石漠化信息提取——以云南省昭通市为例,,Chinese,2024,,中国水土保持科学,10.16843/j.sswc.2022187,https://html.rhhz.net/sswcc/html/2024/1/2024-1-95.htm,,,,literature_manifest_all.csv; literature_manifest_verified_core.csv,bare_rock_fraction_fbr,RF;vegetation_index;GEE;DEM_ablation,Sentinel-2; DEM; GEE,very_high,,manifest_only,manifest_status: verified by web | mentioned_in_notes: annotated_bibliography.md
KRD0061,基于改进DeepLabV3+的石漠化地区裸岩信息提取,,Chinese,2024,吴永俊、汪泓、杨晨,航天返回与遥感,10.3969/j.issn.1009-8518.2024.01.011,https://htfhyyg.spacejournal.cn/article/doi/10.3969/j.issn.1009-8518.2024.01.011,,,,literature_manifest.csv; literature_manifest_all.csv; literature_manifest_verified_core.csv,deep_learning_segmentation,DeepLabV3+,rocky desertification area imagery,Very useful Chinese DeepLabV3+ reference for bare rock extraction in KRD area.,,manifest_only,manifest_status: verified by web | mentioned_in_notes: annotated_bibliography.md; annotated_bibliography__metadata_1.md; literature_database_overview.md
KRD0062,基于无人机影像与Sentinel-2影像的基岩裸露率反演与石漠化程度评价,,Chinese,2024,,百度学术条目/学位论文,,https://xueshu.baidu.com/usercenter/paper/show?paperid=1g7704h0692f0090v50t08c0nt344512,docs/literature/pdfs/package_2000_2026/基于无人机影像与Sentinel-2影像的基岩裸露率反演与石漠化程度评价_赵喆.pdf,16e3cc0ec669dfa3ecf21eb4062d2ff479a2ab595ddcc7d0f69f37f5ca80237a,package_2000_2026,literature_manifest_all.csv; literature_manifest_verified_core.csv,bare_rock_fraction_fbr,DEM_ablation,UAV imagery; Sentinel-2; DEM,very_high,,partial,manifest_status: verified by web entry; bibliographic details need local database check | filename_title_candidate: 基于无人机影像与Sentinel 2影像的基岩裸露率反演与石漠化程度评价 赵喆 | pdf_matched_by_filename_similarity=0.960 | mentioned_in_notes: annotated_bibliography.md; literature_database_overview.md
KRD0063,Dynamic evolution of rocky desertification and vegetation restoration and analysis of driving forces in Southwest Karst Region from 2000 to 2020,,English,2025,,PLOS ONE,10.1371/journal.pone.0332644,https://journals.plos.org/plosone/article?id=10.1371/journal.pone.0332644,,,,literature_manifest_all.csv; literature_manifest_verified_core.csv,rocky_desertification_classification,vegetation_index,long-term remote sensing data 2000/2010/2020,high,,manifest_only,manifest_status: verified by web | mentioned_in_notes: annotated_bibliography.md
KRD0064,Fine-Grained Land Use Remote Sensing Mapping in Karst Mountain Areas Using Very High Resolution Images,,English,2025,Remote Sensing authors,Remote Sensing,10.3390/rs17142368,https://www.mdpi.com/2072-4292/17/14/2368,docs/literature/pdfs/package_2021_2026/EN18_Fine-Grained_Land_Use_Remote_Sensing_Mapping_in_Karst_Mountain_Areas_Using_Very_High_Resol.pdf,99a1e433f2aa24605b9cea3ae9ebb9cdf5e3e7a4e748b9a33d8398c20971cd21,package_2021_2026,literature_manifest.csv,machine_learning,unknown,,Related karst VHR classification reference for object/stratified mapping and fragmented landscapes.,,complete,filename_title_candidate: EN18 Fine Grained Land Use Remote Sensing Mapping in Karst Mountain Areas Using Very High Resol | pdf_matched_by_filename_similarity=0.914 | mentioned_in_notes: annotated_bibliography__metadata_1.md; literature_database_overview.md
KRD0065,Improved lightweight DeepLabV3+ for bare rock extraction from high-resolution UAV imagery,,English,2025,Lai et al.,Ecological Informatics,10.1016/j.ecoinf.2025.103204,https://www.sciencedirect.com/science/article/pii/S1574954125002134,,,,literature_manifest.csv,deep_learning_segmentation,DeepLabV3+,,Strong reference for DeepLabV3+-style bare-rock extraction and segmentation baselines.,,manifest_only,mentioned_in_notes: annotated_bibliography__metadata_1.md; literature_database_overview.md
KRD0066,Karst remote sensing ecological index for monitoring ecological quality in karst landscapes,,English,2025,,Scientific Reports,,https://www.nature.com/articles/s41598-025-20425-8,,,,literature_manifest_all.csv; literature_manifest_verified_core.csv,rocky_desertification_classification,vegetation_index,remote sensing data,medium,,manifest_only,manifest_status: verified by web | mentioned_in_notes: annotated_bibliography.md; literature_database_overview.md
KRD0067,Karst rocky desertification delineation and estimation of potential soil loss in tropical karst cockpits,,English,2025,"Putra, Adji, Haryono",Kuwait Journal of Science or Elsevier OA,10.1016/j.kjs.2025.100422,https://www.sciencedirect.com/science/article/pii/S2307410825000665,,,,literature_manifest.csv; literature_manifest_all.csv; literature_manifest_verified_core.csv,rocky_desertification_classification,unknown,remote sensing/GIS,Useful international karst comparison beyond Southwest China.,,manifest_only,manifest_status: verified by web | mentioned_in_notes: annotated_bibliography.md; annotated_bibliography__metadata_1.md
KRD0068,RAP-Net: A Region Affinity Propagation-Guided Semantic Segmentation Network for Plateau Karst Landform Delineation,,English,2025,Remote Sensing authors,Remote Sensing,10.3390/rs17173082,https://www.mdpi.com/2072-4292/17/17/3082,docs/literature/pdfs/package_2021_2026/EN17_RAP-Net_A_Region_Affinity_Propagation-Guided_Semantic_Segmentation_Network_for_Plateau_Kar.pdf,fa4ee5a793fb01bdf7f78616449b127c5859851d71f185b208fb5fd9e954b420,package_2021_2026,literature_manifest.csv,deep_learning_segmentation,unknown,,"Not KRD degree classification, but relevant to karst segmentation, boundaries, fragmented targets.",,complete,filename_title_candidate: EN17 RAP Net A Region Affinity Propagation Guided Semantic Segmentation Network for Plateau Kar | pdf_matched_by_filename_similarity=0.865 | mentioned_in_notes: annotated_bibliography__metadata_1.md; literature_database_overview.md
KRD0069,Spatiotemporal Dynamics of Rocky Desertification in the Danjiangkou Reservoir Area,,English,2025,Sustainability authors,Sustainability,10.3390/su17219748,https://www.mdpi.com/2071-1050/17/21/9748,docs/literature/pdfs/package_2021_2026/EN14_Spatiotemporal_Dynamics_of_Rocky_Desertification_in_the_Danjiangkou_Reservoir_Area.pdf,6c3e3240ce20618e67b09fe38459b2c8d05379a09b8847fdbb1c9ba0c6609f9c,package_2021_2026,literature_manifest.csv,gee_time_series,GEE;time_series,,Related desertification/rocky desertification dynamics and classification context.,,complete,filename_title_candidate: EN14 Spatiotemporal Dynamics of Rocky Desertification in the Danjiangkou Reservoir Area | pdf_matched_by_filename_similarity=0.970 | mentioned_in_notes: annotated_bibliography__metadata_1.md
KRD0070,"Spatiotemporal Evolution and Driving Factors of Karst Rocky Desertification in Guangxi, China, Under Climate Change and Human Activities",,English,2025,Su J.; Liu M.; Yang Q.; Liu X.; Wu Z.; Wen Y.,core,10.3390/rs17132294,https://www.mdpi.com/2072-4292/17/13/2294,,,,articles_manifest.csv; literature_manifest_all.csv; literature_manifest_verified_core.csv,gee_time_series,time_series,multi-temporal remote sensing data,high,,manifest_only,Official PDF link included; direct automated download blocked/limited during this session. | manifest_status: verified by web | mentioned_in_notes: annotated_bibliography.md
KRD0071,Spatiotemporal evolution of karst rocky desertification and its driving factors in southwestern China from 1990 to 2020 using Google Earth Engine,,English,2025,Springer authors,Environmental Earth Sciences,10.1007/s12665-025-12282-5,https://link.springer.com/article/10.1007/s12665-025-12282-5,,,,literature_manifest.csv; literature_manifest_all.csv; literature_manifest_verified_core.csv,gee_time_series,GEE;time_series,remote sensing data 1990-2020,Useful for cross-region/large-area KRD change analysis and driver discussion.,,manifest_only,manifest_status: verified by web | mentioned_in_notes: annotated_bibliography__metadata_1.md
KRD0072,Spatiotemporal evolution of rocky desertification and soil erosion in karst regions,,English,2025,,Catena,,https://www.sciencedirect.com/science/article/pii/S0341816224003059,,,,literature_manifest_all.csv; literature_manifest_verified_core.csv,gee_time_series,time_series,remote sensing time series,medium,,manifest_only,manifest_status: verified by web | mentioned_in_notes: annotated_bibliography.md; literature_database_overview.md
KRD0073,Spatiotemporal graph for detecting evolution characteristics of karst rocky desertification from long time-series Landsat images,,English,2025,,Catena,10.1016/j.catena.2025.109697,https://www.sciencedirect.com/science/article/pii/S0341816225009993,,,,literature_manifest_all.csv; literature_manifest_verified_core.csv,gee_time_series,time_series,long time-series Landsat images,high,,manifest_only,manifest_status: verified by web | mentioned_in_notes: annotated_bibliography.md
KRD0074,云南边境石漠化地区“三生空间”格局演变及驱动机制,,Chinese,2025,,水土保持研究,,https://xnldxb.ns.swfu.edu.cn/article/doi/10.11929/j.swfu.202109006,docs/literature/pdfs/package_2000_2026/云南边境石漠化地区“三生空间”格局演变及驱动机制_范新军.pdf,6aa9deb224e9514a2dd524e4a9bad2d44a76e8c7d8d413e84b521230ea1bc31c,package_2000_2026,literature_manifest_all.csv; literature_manifest_verified_core.csv,gee_time_series,time_series,remote sensing/GIS likely,medium,,partial,manifest_status: identified from related-read list; needs verification | filename_title_candidate: 云南边境石漠化地区“三生空间”格局演变及驱动机制 范新军 | pdf_matched_by_filename_similarity=0.923 | mentioned_in_notes: annotated_bibliography.md; literature_database_overview.md
KRD0075,红层荒漠化场景分类相关文献,,Chinese,2025,,,,https://www.spacejournal.cn/cn/article/id/858,,,,literature_manifest_all.csv,gee_time_series,vegetation_index;time_series,,similar desertification degree classification method,,manifest_only,manifest_status: contextual
KRD0076,顾及Vis-NIR光谱指数时序统计特征的红层荒漠化场景分类,,Chinese,2025,陈震等,农业工程学报,10.11975/j.issn.1002-6819.202411052,https://www.aeeisp.com/nygcxb/cn/article/pdf/preview/10.11975/j.issn.1002-6819.202411052.pdf,docs/literature/pdfs/package_2000_2026/顾及Vis-NIR光谱指数时序统计特征的红层荒漠化场景分类_陈震.pdf,b1c4a8dcba06b3d03dc9082842b713be2f6c4c06f71929d964954c365a65fd42,package_2000_2026,literature_manifest.csv; literature_manifest_all.csv; literature_manifest_verified_core.csv,machine_learning,RF;SVM;vegetation_index,remote sensing time-series spectral indices,Not KRD but relevant to desertification-degree scene classification and RF/SVM comparison.,,complete,manifest_status: identified by web snippet; needs verification | filename_title_candidate: 顾及Vis NIR光谱指数时序统计特征的红层荒漠化场景分类 陈震 | pdf_matched_by_filename_similarity=0.951 | mentioned_in_notes: annotated_bibliography__metadata_1.md
KRD0077,Classification of rocky desertification degrees and spatiotemporal distribution patterns using a feature-space RDI framework,,English,2026,Frontiers authors,Frontiers in Environmental Science,10.3389/fenvs.2026.1772333,https://www.frontiersin.org/journals/environmental-science/articles/10.3389/fenvs.2026.1772333/full,,,,literature_manifest.csv; literature_manifest_all.csv; literature_manifest_verified_core.csv,gee_time_series,feature_space;vegetation_index;time_series,long-term remote sensing 1987-2022,Recent degree-classification paper for framing classification thresholds and dynamics.,,manifest_only,manifest_status: verified by web | mentioned_in_notes: annotated_bibliography__metadata_1.md
KRD0078,Integrating ensemble learning and rocky desertification indices to enhance soil thickness prediction in typical karst regions,,English,2026,,Catena,,https://www.sciencedirect.com/science/article/pii/S034181622600086X,,,,literature_manifest_all.csv; literature_manifest_verified_core.csv,rocky_desertification_classification,unknown,remote sensing/GIS predictors,medium,,manifest_only,manifest_status: verified by web | mentioned_in_notes: annotated_bibliography.md; literature_database_overview.md
KRD0079,"Karst Rocky Desertification in Southwest China: Remote Sensing Progress, Critical Challenges, and Future Pathways",,English,2026,,Applied Sciences,10.3390/app16136459,https://www.mdpi.com/2076-3417/16/13/6459,,,,literature_manifest_all.csv; literature_manifest_verified_core.csv,review,review,Web of Science literature 1987-2025,high,,manifest_only,manifest_status: verified by web | mentioned_in_notes: annotated_bibliography.md
KRD0080,南太行地区（河南境内）石漠化分级评价及演进过程研究,,Chinese,2026,,信阳师范大学学报（自然科学版）,,https://xnldxb.ns.swfu.edu.cn/article/doi/10.11929/j.swfu.202109006,docs/literature/pdfs/package_2000_2026/南太行地区(河南境内)石漠化分级评价及演进过程研究_褚加计.pdf,e7b43c78786e486a4abc9e9ed0b9b24415875bffef67208898bb7fa2277704ed,package_2000_2026,literature_manifest_all.csv; literature_manifest_verified_core.csv,rocky_desertification_classification,unknown,remote sensing/GIS likely,high,,partial,manifest_status: identified from related-read list; needs verification | filename_title_candidate: 南太行地区(河南境内)石漠化分级评价及演进过程研究 褚加计 | pdf_matched_by_filename_similarity=0.926 | mentioned_in_notes: annotated_bibliography.md; literature_database_overview.md
KRD0081,西南喀斯特不同生境石漠化程度划分方法研究 / A new classification method of rocky desertification degree in different karst habitats,,Chinese,2026,,AMiner indexed record,,https://www.aminer.cn/pub/64cd38303fda6d7f0624a726/a-new-classification-method-of-rocky-desertification-degree-in-different-karst-habitats,,,,literature_manifest_all.csv; literature_manifest_verified_core.csv,machine_learning,unknown,Landsat; official monitoring and sampling results,high,,manifest_only,manifest_status: verified by web entry; date/details need journal verification | mentioned_in_notes: annotated_bibliography.md; literature_database_overview.md
KRD0082,,,,,,,,,docs/literature/pdfs/package_2000_2026/1-s2.0-S0303243421000441-main.pdf,a333a6b65821a90dbefa04ed8b40dae20b43478660642af6e1ee4599902f7c89,package_2000_2026,,other,unknown,,,,pdf_only,filename_title_candidate: 1 s2.0 S0303243421000441 main
KRD0083,,,,,,,,,docs/literature/pdfs/package_2000_2026/1-s2.0-S0341816225009993-main.pdf,a47a60d9fe914ec83e9ece28786dea6c02d675d7df861fb736a269ba408f7d0e,package_2000_2026,,other,unknown,,,,pdf_only,filename_title_candidate: 1 s2.0 S0341816225009993 main
KRD0084,,,,,,,,,docs/literature/pdfs/package_2000_2026/1-s2.0-S1470160X24010227-main.pdf,b84fff083ff463eae74a003075d71150b337b77cc4d5a32e6afba988c171fa35,package_2000_2026,,other,unknown,,,,pdf_only,filename_title_candidate: 1 s2.0 S1470160X24010227 main
KRD0085,,,,,,,,,docs/literature/pdfs/package_2000_2026/1-s2.0-S2307410825000665-main.pdf,970545d390ead4e957192a1e7359c966fd3206a4c91092bb63410ef6b712c197,package_2000_2026,,other,unknown,,,,pdf_only,filename_title_candidate: 1 s2.0 S2307410825000665 main
KRD0086,,,,,,,,,docs/literature/pdfs/package_2000_2026/CN001_.pdf,5c907d24807218f8e6c12fe8ea6c5022b7b0b7fb37424fcae821260a49d8e4f3,package_2000_2026,,other,unknown,,,,pdf_only,filename_title_candidate: CN001
KRD0087,,,,,,,,,docs/literature/pdfs/package_2000_2026/CN002_.pdf,f17e717310eced79afacc872ee18faac3c7fbae779568c5b33b25ef44818b407,package_2000_2026,,other,unknown,,,,pdf_only,filename_title_candidate: CN002
KRD0088,,,,,,,,,docs/literature/pdfs/package_2000_2026/CN003_DeepLabV3.pdf; docs/literature/pdfs/package_2021_2026/CN02_DeepLabV3.pdf,8ae9b36df238e7ed46ebc8a71faca0c088ef76d5e9fbd906a7b8b380f6a2e0df,package_2000_2026; package_2021_2026,,deep_learning_segmentation,DeepLabV3+,,,,pdf_only,filename_title_candidate: CN003 DeepLabV3 | filename_title_candidate: CN02 DeepLabV3
KRD0089,,,,,,,,,docs/literature/pdfs/package_2000_2026/CN006_GEE.pdf; docs/literature/pdfs/package_2021_2026/CN04_GEE_KRD_spatiotemporal_evolution.pdf,68fa9d39935262aa056e0b4e6f71231e1e477faad5959ea7dbc8ba6797589d71,package_2000_2026; package_2021_2026,,gee_time_series,GEE,,,,pdf_only,filename_title_candidate: CN006 GEE | filename_title_candidate: CN04 GEE KRD spatiotemporal evolution
KRD0090,,,,,,,,,docs/literature/pdfs/package_2000_2026/EN002_Extraction_of_rocky_desertification_information_in_karst_are.pdf; docs/literature/pdfs/package_2021_2026/EN04_Extraction_of_rocky_desertification_information_in_karst_area_by_using_different_multispec.pdf,ff8ae8e9ea3e571026bcbaef938c2aa45dc05a172ac25f4ac8f9019f1754d7c5,package_2000_2026; package_2021_2026,,rocky_desertification_classification,unknown,,,,pdf_only,filename_title_candidate: EN002 Extraction of rocky desertification information in karst are | filename_title_candidate: EN04 Extraction of rocky desertification information in karst area by using different multispec
KRD0091,,,,,,,,,docs/literature/pdfs/package_2000_2026/EN003_Machine_learning_algorithm_for_estimating_karst_rocky_desert.pdf; docs/literature/pdfs/package_2021_2026/EN05_Machine_learning_algorithm_for_estimating_karst_rocky_desertification_in_a_peak-cluster_de.pdf,9bd8b9d5e158b0a65da39d6f5203291343f25f549c63eede806e7704c44cb11f,package_2000_2026; package_2021_2026,,machine_learning,unknown,,,,pdf_only,filename_title_candidate: EN003 Machine learning algorithm for estimating karst rocky desert | filename_title_candidate: EN05 Machine learning algorithm for estimating karst rocky desertification in a peak cluster de
KRD0092,,,,,,,,,docs/literature/pdfs/package_2000_2026/EN004_Comparing_Remote_Sensing_Methods_for_Monitoring_Karst_Rocky_.pdf,e0795a9fdd03ffdaacb66ad91c99b4deca9f7c3310aece75cd66942383b74f47,package_2000_2026,,rocky_desertification_classification,unknown,,,,pdf_only,filename_title_candidate: EN004 Comparing Remote Sensing Methods for Monitoring Karst Rocky
KRD0093,,,,,,,,,docs/literature/pdfs/package_2000_2026/EN005_Analysis_of_Landsat-8_OLI_Imagery_for_Estimating_Exposed_Bed.pdf; docs/literature/pdfs/remote_sensing_only/2018_RemoteSens_10_1321_Analysis_of_Landsat-8_OLI_Imagery_for_Estimating_Exposed_Bed.pdf,c7b343af86ddb10472183d14bddde33e03128d2b8147f5128aa417d1447ca912,package_2000_2026; remote_sensing_only,,other,unknown,,,,pdf_only,filename_title_candidate: EN005 Analysis of Landsat 8 OLI Imagery for Estimating Exposed Bed | filename_title_candidate: 2018 RemoteSens 10 1321 Analysis of Landsat 8 OLI Imagery for Estimating Exposed Bed
KRD0094,,,,,,,,,docs/literature/pdfs/package_2000_2026/EN007_KRD_MESMA_SVM.pdf; docs/literature/pdfs/package_2021_2026/EN06_Monitoring_and_Classification_of_Karst_Rocky_Desertification_with_Landsat.pdf,3713d3038c949dd9627428fe0ff78b3e07511523c5b8ad089ac8c0402c5c2bf7,package_2000_2026; package_2021_2026,,lsmm_mesma_sma,MESMA;SMA;SVM,,,,pdf_only,filename_title_candidate: EN007 KRD MESMA SVM | filename_title_candidate: EN06 Monitoring and Classification of Karst Rocky Desertification with Landsat
KRD0095,,,,,,,,,docs/literature/pdfs/package_2000_2026/EN009_Classification_of_Karst_Rocky_Desertification_Levels_in_Jins.pdf; docs/literature/pdfs/package_2021_2026/EN08_Classification_of_Karst_Rocky_Desertification_Levels_in_Jinsha_County_Using_a_Feature_Spac.pdf; docs/literature/pdfs/remote_sensing_only/2024_RemoteSens_16_4786_Classification_of_Karst_Rocky_Desertification_Levels_in_Jins.pdf,34e1fd60144a0f3b35f1ff5aab06b56368e55979f6b7aa3815601d37bc8275cc,package_2000_2026; package_2021_2026; remote_sensing_only,,machine_learning,unknown,,,,pdf_only,filename_title_candidate: EN009 Classification of Karst Rocky Desertification Levels in Jins | filename_title_candidate: EN08 Classification of Karst Rocky Desertification Levels in Jinsha County Using a Feature Spac | filename_title_candidate: 2024 RemoteSens 16 4786 Classification of Karst Rocky Desertification Levels in Jins
KRD0096,,,,,,,,,docs/literature/pdfs/package_2000_2026/EN010_Extraction_of_Rocky_Desertification_Information_in_the_Karst.pdf; docs/literature/pdfs/remote_sensing_only/2023_RemoteSens_15_3056_Extraction_of_Rocky_Desertification_Information_in_the_Karst.pdf,a21fd900712d96465db9cbdc3815cdbd16a77ed8079d60179def91eb2467f6fc,package_2000_2026; remote_sensing_only,,rocky_desertification_classification,unknown,,,,pdf_only,filename_title_candidate: EN010 Extraction of Rocky Desertification Information in the Karst | filename_title_candidate: 2023 RemoteSens 15 3056 Extraction of Rocky Desertification Information in the Karst
KRD0097,,,,,,,,,docs/literature/pdfs/package_2000_2026/EN013_Spatiotemporal_Evolution_and_Driving_Factors_of_Karst_Rocky_.pdf; docs/literature/pdfs/remote_sensing_only/2025_RemoteSens_17_2294_Spatiotemporal_Evolution_and_Driving_Factors_of_Karst_Rocky_.pdf,95336f3356b36f7900528cce40c645513a31d924175e4bb9c3599f6abb826a78,package_2000_2026; remote_sensing_only,,gee_time_series,time_series,,,,pdf_only,filename_title_candidate: EN013 Spatiotemporal Evolution and Driving Factors of Karst Rocky | filename_title_candidate: 2025 RemoteSens 17 2294 Spatiotemporal Evolution and Driving Factors of Karst Rocky
KRD0098,,,,,,,,,docs/literature/pdfs/package_2000_2026/EN014_Dynamic_evolution_of_rocky_desertification_and_vegetation_re.pdf,944b197bc109c996fa9fc6d4ebb077b8bb0c600c6abbc4159db96395dc089819,package_2000_2026,,rocky_desertification_classification,unknown,,,,pdf_only,filename_title_candidate: EN014 Dynamic evolution of rocky desertification and vegetation re
KRD0099,,,,,,,,,docs/literature/pdfs/package_2000_2026/EN015_KRD_GEE.pdf; docs/literature/pdfs/package_2021_2026/EN13_Spatiotemporal_evolution_of_karst_rocky_desertification_and_its_driving_factors_in_southwe.pdf,fd34f04fa4ca4a5f56866cf7a72471402df8842db92eff85f96a47d1476ac7db,package_2000_2026; package_2021_2026,,gee_time_series,GEE,,,,pdf_only,filename_title_candidate: EN015 KRD GEE | filename_title_candidate: EN13 Spatiotemporal evolution of karst rocky desertification and its driving factors in southwe
KRD0100,,,,,,,,,docs/literature/pdfs/package_2000_2026/EN016_Classification_of_rocky_desertification_degrees_and_analysis.pdf; docs/literature/pdfs/package_2021_2026/EN15_Classification_of_rocky_desertification_degrees_and_spatiotemporal_distribution_patterns_u.pdf,7061d41f234761352bfd6ab9ba7dc3f090ae45cbebadd35dac167657c5063a71,package_2000_2026; package_2021_2026,,machine_learning,unknown,,,,pdf_only,filename_title_candidate: EN016 Classification of rocky desertification degrees and analysis | filename_title_candidate: EN15 Classification of rocky desertification degrees and spatiotemporal distribution patterns u
KRD0101,,,,,,,,,docs/literature/pdfs/package_2000_2026/EN017_KRD_Remote_Sensing_Review.pdf,deb83cdc978bda4b02123bf365bcbdf8c01908f6533141e6091cbbe99b26f4a3,package_2000_2026,,review,review,,,,pdf_only,filename_title_candidate: EN017 KRD Remote Sensing Review
KRD0102,,,,,,,,,docs/literature/pdfs/package_2000_2026/EN018_Spatiotemporal_Evolution_Analysis_and_Future_Scenario_Predic.pdf; docs/literature/pdfs/package_2021_2026/EN03_Spatiotemporal_Evolution_Analysis_and_Future_Scenario_Prediction_of_Rocky_Desertification_.pdf; docs/literature/pdfs/remote_sensing_only/2022_RemoteSens_14_292_Spatiotemporal_Evolution_Analysis_and_Future_Scenario_Predic.pdf,e5bf63dcbc7523203fdcc1c66c08f4feb12f6276a03c4c867c1c96293700164e,package_2000_2026; package_2021_2026; remote_sensing_only,,gee_time_series,time_series,,,,pdf_only,filename_title_candidate: EN018 Spatiotemporal Evolution Analysis and Future Scenario Predic | filename_title_candidate: EN03 Spatiotemporal Evolution Analysis and Future Scenario Prediction of Rocky Desertification | filename_title_candidate: 2022 RemoteSens 14 292 Spatiotemporal Evolution Analysis and Future Scenario Predic
KRD0103,,,,,,,,,docs/literature/pdfs/package_2000_2026/EN019_Information_Extraction_and_Prediction_of_Rocky_Desertificati.pdf,a8c2ac19810950f876037d67d252bf7edd09c4fd5ee9b58a097312332d923001,package_2000_2026,,other,unknown,,,,pdf_only,filename_title_candidate: EN019 Information Extraction and Prediction of Rocky Desertificati
KRD0104,,,,,,,,,docs/literature/pdfs/package_2000_2026/EN025_KRSEI.pdf,5a11cf68baabf2b5747a550c1347ad371dcc307c95a8573f8aae78a83471f73b,package_2000_2026,,other,unknown,,,,pdf_only,filename_title_candidate: EN025 KRSEI
KRD0105,,,,,,,,,docs/literature/pdfs/package_2000_2026/ssrn-4685103.pdf,82c3ce558caa503f59ea7f0f03ef7c0d8d38540a29e09f73cd3025f0dd7c4a7f,package_2000_2026,,other,unknown,,,,pdf_only,filename_title_candidate: ssrn 4685103
KRD0106,,,,,,,,,docs/literature/pdfs/package_2000_2026/西南喀斯特不同生境石漠化程度划分方法研究_唐荣彬.pdf,17879351ce06f23d7db8de9b86c127b5a67ce08f87eedab070cbca299e80aa1b,package_2000_2026,,rocky_desertification_classification,unknown,,,,pdf_only,filename_title_candidate: 西南喀斯特不同生境石漠化程度划分方法研究 唐荣彬
KRD0107,,,,,,,,,docs/literature/pdfs/package_2021_2026/1-s2.0-S1574954125002134-main.pdf,ce23c61e734fca3d7f8c7ce9a13b5605b75ddcc3c77f0a75edbd9f7670ed8325,package_2021_2026,,other,unknown,,,,pdf_only,filename_title_candidate: 1 s2.0 S1574954125002134 main
KRD0108,,,,,,,,,docs/literature/pdfs/package_2021_2026/1-s2.0-S2307410825000665-main.pdf,bad81fb4b677d15446a62dec3a94341aac5bf94f954c19557ad21bd2235fad58,package_2021_2026,,other,unknown,,,,pdf_only,filename_title_candidate: 1 s2.0 S2307410825000665 main
KRD0109,,,,,,,,,docs/literature/pdfs/package_2021_2026/A novel-optimal monitoring index of rocky desertification based on feature space model and red edge indices that derived from sentinel-2 MSI image.pdf,65e4e0d29bbf2747ecdb99a6c46bbd099b31cbdc542a51bddafaaac869e18ca0,package_2021_2026,,rocky_desertification_classification,feature_space;vegetation_index,,,,pdf_only,filename_title_candidate: A novel optimal monitoring index of rocky desertification based on feature space model and red edge indices that derived from sentinel 2 MSI image
KRD0110,,,,,,,,,docs/literature/pdfs/package_2021_2026/CN03_Vis-NIR.pdf,a11b54e9cfd286c2ed7fdb7b3c28290ea75d1e7ba20d017202a47fdf51334ddb,package_2021_2026,,other,unknown,,,,pdf_only,filename_title_candidate: CN03 Vis NIR
KRD0111,,,,,,,,,docs/literature/pdfs/package_2021_2026/main.pdf,0083dce0f23e59b48bcba48f0fd49be76d2991991f12328883567c8f6c1d5313,package_2021_2026,,other,unknown,,,,pdf_only,filename_title_candidate: main
KRD0112,,,,,,,,,docs/literature/pdfs/remote_sensing_only/2014_RemoteSens_6_9895_Is_Forest_Restoration_in_the_Southwest_China_Karst_Promoted_.pdf,df2115acc6afe47c8d856b3ab2d9d6e95ade4b469eda32a3d5c0647693b97575,remote_sensing_only,,rocky_desertification_classification,unknown,,,,pdf_only,filename_title_candidate: 2014 RemoteSens 6 9895 Is Forest Restoration in the Southwest China Karst Promoted
KRD0113,,,,,,,,,docs/literature/pdfs/remote_sensing_only/2016_RemoteSens_8_68_Quantitative_Estimation_of_Carbonate_Rock_Fraction_in_Karst_.pdf,0040564bb81c343fc0f817eed08cc9b233c597b3200c72dac9d4948d2d9b2128,remote_sensing_only,,bare_rock_fraction_fbr,unknown,,,,pdf_only,filename_title_candidate: 2016 RemoteSens 8 68 Quantitative Estimation of Carbonate Rock Fraction in Karst
KRD0114,,,,,,,,,docs/literature/pdfs/remote_sensing_only/2021_RemoteSens_13_1614_How_Can_We_Realize_Sustainable_Development_Goals_in_Rocky_De.pdf,db5c5b280a5ee274d4c7c9de9d0da86898b51a2a20ee589b03aa1a50574a9f96,remote_sensing_only,,other,unknown,,,,pdf_only,filename_title_candidate: 2021 RemoteSens 13 1614 How Can We Realize Sustainable Development Goals in Rocky De
KRD0115,,,,,,,,,docs/literature/pdfs/remote_sensing_only/2022_RemoteSens_14_2351_The_Changes_of_Spatiotemporal_Pattern_of_Rocky_Desertificati.pdf,c6a84590b431044e79c55def366877d316fd321d447a97b960f1ea5e68dcc516,remote_sensing_only,,gee_time_series,time_series,,,,pdf_only,filename_title_candidate: 2022 RemoteSens 14 2351 The Changes of Spatiotemporal Pattern of Rocky Desertificati
